lapNo,No,gap,time,,,,,,,,,,,,
1,44,0,1:15.725,,,,,,,,,,,,
1,22,0.664,1:16.389,,,,,,,,,,,,
1,7,1.312,1:17.037,,,,,,,,,,,,
1,27,1.722,1:17.447,,,,,,,,,,,,
1,6,2.364,1:18.089,,,,,,,,,,,,
1,3,2.763,1:18.488,,,,,,,,,,,,
1,33,3.068,1:18.793,,,,,,,,,,,,
1,5,3.473,1:19.198,,,,,,,,,,,,
1,77,3.882,1:19.607,,,,,,,,,,,,
1,55,4.473,1:20.198,,,,,,,,,,,,
1,11,5.131,1:20.856,,,,,,,,,,,,
1,94,5.570,1:21.295,,,,,,,,,,,,
1,8,6.029,1:21.754,,,,,,,,,,,,
1,14,6.221,1:21.946,,,,,,,,,,,,
1,20,6.640,1:22.365,,,,,,,,,,,,
1,30,6.825,1:22.550,,,,,,,,,,,,
1,9,7.193,1:22.918,,,,,,,,,,,,
1,21,7.839,1:23.564,,,,,,,,,,,,
1,12,8.138,1:23.863,,,,,,,,,,,,
1,88,9.030,1:24.755,,,,,,,,,,,,
1,19,9.331,1:25.056,,,,,,,,,,,,
1,26,10.606,1:26.331,,,,,,,,,,,,
2,44,0,1:11.825,,,,,,,,,,,,
2,22,1.313,1:12.474,,,,,,,,,,,,
2,7,2.031,1:12.544,,,,,,,,,,,,
2,27,2.842,1:12.945,,,,,,,,,,,,
2,6,3.536,1:12.997,,,,,,,,,,,,
2,33,4.477,1:13.234,,,,,,,,,,,,
2,3,4.683,1:13.745,,,,,,,,,,,,
2,5,4.955,1:13.307,,,,,,,,,,,,
2,77,5.578,1:13.521,,,,,,,,,,,,
2,55,6.151,1:13.503,,,,,,,,,,,,
2,11,6.740,1:13.434,,,,,,,,,,,,
2,94,7.360,1:13.615,,,,,,,,,,,,
2,14,7.920,1:13.524,,,,,,,,,,,,
2,8,8.657,1:14.453,,,,,,,,,,,,
2,20,9.027,1:14.212,,,,,,,,,,,,
2,30,9.771,1:14.771,,,,,,,,,,,,
2,9,10.630,1:15.262,,,,,,,,,,,,
2,21,11.165,1:15.151,,,,,,,,,,,,
2,19,11.769,1:14.263,,,,,,,,,,,,
2,12,12.294,1:15.981,,,,,,,,,,,,
2,88,12.779,1:15.574,,,,,,,,,,,,
2,26,17.083,1:18.302,,,,,,,,,,,,
3,44,0,1:11.885,,,,,,,,,,,,
3,22,1.982,1:12.554,,,,,,,,,,,,
3,7,2.451,1:12.305,,,,,,,,,,,,
3,27,3.422,1:12.465,,,,,,,,,,,,
3,6,4.535,1:12.884,,,,,,,,,,,,
3,33,5.017,1:12.425,,,,,,,,,,,,
3,3,5.429,1:12.631,,,,,,,,,,,,
3,5,5.888,1:12.818,,,,,,,,,,,,
3,77,6.572,1:12.879,,,,,,,,,,,,
3,55,6.970,1:12.704,,,,,,,,,,,,
3,11,7.603,1:12.748,,,,,,,,,,,,
3,94,8.344,1:12.869,,,,,,,,,,,,
3,14,9.168,1:13.133,,,,,,,,,,,,
3,8,9.815,1:13.043,,,,,,,,,,,,
3,20,10.180,1:13.038,,,,,,,,,,,,
3,30,10.766,1:12.880,,,,,,,,,,,,
3,9,11.871,1:13.126,,,,,,,,,,,,
3,21,12.384,1:13.104,,,,,,,,,,,,
3,19,12.842,1:12.958,,,,,,,,,,,,
3,12,13.689,1:13.280,,,,,,,,,,,,
3,88,14.917,1:14.023,,,,,,,,,,,,
4,44,0,1:11.774,,,,,,,,,,,,
4,22,2.225,1:12.017,,,,,,,,,,,,
4,7,2.701,1:12.024,,,,,,,,,,,,
4,27,3.714,1:12.066,,,,,,,,,,,,
4,6,4.442,1:11.681,,,,,,,,,,,,
4,33,5.013,1:11.770,,,,,,,,,,,,
4,3,5.673,1:12.018,,,,,,,,,,,,
4,5,6.237,1:12.123,,,,,,,,,,,,
4,77,7.401,1:12.603,,,,,,,,,,,,
4,55,7.922,1:12.726,,,,,,,,,,,,
4,11,8.500,1:12.671,,,,,,,,,,,,
4,94,9.275,1:12.705,,,,,,,,,,,,
4,14,9.902,1:12.508,,,,,,,,,,,,
4,8,10.626,1:12.585,,,,,,,,,,,,
4,20,11.216,1:12.810,,,,,,,,,,,,
4,30,11.742,1:12.750,,,,,,,,,,,,
4,9,12.786,1:12.689,,,,,,,,,,,,
4,21,13.312,1:12.702,,,,,,,,,,,,
4,19,13.897,1:12.829,,,,,,,,,,,,
4,12,14.795,1:12.880,,,,,,,,,,,,
4,88,16.460,1:13.317,,,,,,,,,,,,
5,44,0,1:11.661,,,,,,,,,,,,
5,22,2.528,1:11.964,,,,,,,,,,,,
5,7,3.047,1:12.007,,,,,,,,,,,,
5,27,4.439,1:12.386,,,,,,,,,,,,
5,6,4.705,1:11.924,,,,,,,,,,,,
5,33,5.124,1:11.772,,,,,,,,,,,,
5,3,5.738,1:11.726,,,,,,,,,,,,
5,5,6.370,1:11.794,,,,,,,,,,,,
5,77,8.183,1:12.443,,,,,,,,,,,,
5,55,8.772,1:12.511,,,,,,,,,,,,
5,11,9.547,1:12.708,,,,,,,,,,,,
5,94,10.279,1:12.665,,,,,,,,,,,,
5,14,10.908,1:12.667,,,,,,,,,,,,
5,8,11.632,1:12.667,,,,,,,,,,,,
5,20,12.081,1:12.526,,,,,,,,,,,,
5,30,13.210,1:13.129,,,,,,,,,,,,
5,9,13.858,1:12.733,,,,,,,,,,,,
5,21,14.299,1:12.648,,,,,,,,,,,,
5,19,14.836,1:12.600,,,,,,,,,,,,
5,12,16.276,1:13.142,,,,,,,,,,,,
5,88,18.098,1:13.299,,,,,,,,,,,,
6,44,0,1:11.693,,,,,,,,,,,,
6,22,2.888,1:12.053,,,,,,,,,,,,
6,7,3.274,1:11.920,,,,,,,,,,,,
6,6,4.691,1:11.679,,,,,,,,,,,,
6,33,5.308,1:11.877,,,,,,,,,,,,
6,27,6.562,1:13.816,,,,,,,,,,,,
6,5,6.801,1:12.124,,,,,,,,,,,,
6,3,7.215,1:13.170,,,,,,,,,,,,
6,77,9.138,1:12.648,,,,,,,,,,,,
6,55,9.532,1:12.453,,,,,,,,,,,,
6,11,10.328,1:12.474,,,,,,,,,,,,
6,94,11.233,1:12.647,,,,,,,,,,,,
6,14,11.774,1:12.559,,,,,,,,,,,,
6,8,12.653,1:12.714,,,,,,,,,,,,
6,20,13.119,1:12.731,,,,,,,,,,,,
6,30,13.999,1:12.482,,,,,,,,,,,,
6,9,14.714,1:12.549,,,,,,,,,,,,
6,21,16.442,1:13.836,,,,,,,,,,,,
6,19,16.482,1:13.339,,,,,,,,,,,,
6,12,17.531,1:12.948,,,,,,,,,,,,
6,88,19.432,1:13.027,,,,,,,,,,,,
7,44,0,1:11.250,,,,,,,,,,,,
7,7,3.564,1:11.540,,,,,,,,,,,,
7,22,4.598,1:12.960,,,,,,,,,,,,
7,6,5.122,1:11.681,,,,,,,,,,,,
7,33,5.696,1:11.638,,,,,,,,,,,,
7,5,7.188,1:11.637,,,,,,,,,,,,
7,3,7.963,1:11.998,,,,,,,,,,,,
7,27,9.280,1:13.968,,,,,,,,,,,,
7,77,10.638,1:12.750,,,,,,,,,,,,
7,55,11.157,1:12.875,,,,,,,,,,,,
7,11,12.176,1:13.098,,,,,,,,,,,,
7,94,12.725,1:12.742,,,,,,,,,,,,
7,14,13.217,1:12.693,,,,,,,,,,,,
7,8,14.138,1:12.735,,,,,,,,,,,,
7,20,14.677,1:12.808,,,,,,,,,,,,
7,30,15.682,1:12.933,,,,,,,,,,,,
7,9,16.418,1:12.954,,,,,,,,,,,,
7,19,18.493,1:13.261,,,,,,,,,,,,
7,21,19.230,1:14.038,,,,,,,,,,,,
7,12,19.614,1:13.333,,,,,,,,,,,,
7,88,21.439,1:13.257,,,,,,,,,,,,
8,44,0,1:11.180,,,,,,,,,,,,
8,7,3.804,1:11.420,,,,,,,,,,,,
8,6,6.017,1:12.075,,,,,,,,,,,,
8,22,6.735,1:13.317,,,,,,,,,,,,
8,33,6.929,1:12.413,,,,,,,,,,,,
8,5,7.977,1:11.969,,,,,,,,,,,,
8,3,8.653,1:11.870,,,,,,,,,,,,
8,77,12.444,1:12.986,,,,,,,,,,,,
8,55,12.946,1:12.969,,,,,,,,,,,,
8,11,14.153,1:13.157,,,,,,,,,,,,
8,27,PIT,1:16.326,,,,,,,,,,,,
8,94,15.087,1:13.542,,,,,,,,,,,,
8,8,16.289,1:13.331,,,,,,,,,,,,
8,20,16.949,1:13.452,,,,,,,,,,,,
8,30,17.644,1:13.142,,,,,,,,,,,,
8,9,18.356,1:13.118,,,,,,,,,,,,
8,14,PIT,1:16.877,,,,,,,,,,,,
8,19,20.181,1:12.868,,,,,,,,,,,,
8,21,20.956,1:12.906,,,,,,,,,,,,
8,12,21.677,1:13.243,,,,,,,,,,,,
8,88,23.378,1:13.119,,,,,,,,,,,,
9,44,,1:11.502,,,,,,,,,,,,
9,7,3.717,1:11.415,,,,,,,,,,,,
9,6,6.954,1:12.439,,,,,,,,,,,,
9,33,7.407,1:11.980,,,,,,,,,,,,
9,5,9.494,1:13.019,,,,,,,,,,,,
9,3,9.752,1:12.601,,,,,,,,,,,,
9,22,PIT,1:17.158,,,,,,,,,,,,
9,77,PIT,1:15.824,,,,,,,,,,,,
9,94,16.870,1:13.285,,,,,,,,,,,,
9,8,17.929,1:13.142,,,,,,,,,,,,
9,55,PIT,1:16.506,,,,,,,,,,,,
9,20,19.139,1:13.692,,,,,,,,,,,,
9,11,PIT,1:16.865,,,,,,,,,,,,
9,30,19.785,1:13.643,,,,,,,,,,,,
9,9,20.269,1:13.415,,,,,,,,,,,,
9,19,21.702,1:13.023,,,,,,,,,,,,
9,21,22.476,1:13.022,,,,,,,,,,,,
9,12,22.966,1:12.791,,,,,,,,,,,,
9,88,25.029,1:13.153,,,,,,,,,,,,
9,27,32.900,1:29.976,,,,,,,,,,,,
9,14,36.697,1:29.285,,,,,,,,,,,,
10,44,0,1:11.511,,,,,,,,,,,,
10,7,3.483,1:11.277,,,,,,,,,,,,
10,33,7.712,1:11.816,,,,,,,,,,,,
10,5,9.424,1:11.441,,,,,,,,,,,,
10,3,10.206,1:11.965,,,,,,,,,,,,
10,6,PIT,1:15.197,,,,,,,,,,,,
10,94,18.338,1:12.979,,,,,,,,,,,,
10,8,19.498,1:13.080,,,,,,,,,,,,
10,20,21.525,1:13.897,,,,,,,,,,,,
10,30,22.281,1:14.007,,,,,,,,,,,,
10,9,22.966,1:14.208,,,,,,,,,,,,
10,19,23.519,1:13.328,,,,,,,,,,,,
10,21,23.923,1:12.958,,,,,,,,,,,,
10,12,24.711,1:13.256,,,,,,,,,,,,
10,88,26.636,1:13.118,,,,,,,,,,,,
10,22,31.573,1:30.693,,,,,,,,,,,,
10,27,33.252,1:11.863,,,,,,,,,,,,
10,77,34.427,1:29.172,,,,,,,,,,,,
10,55,37.633,1:31.194,,,,,,,,,,,,
10,14,38.275,1:13.089,,,,,,,,,,,,
10,11,38.859,1:30.854,,,,,,,,,,,,
11,44,0,1:11.208,,,,,,,,,,,,
11,7,4.153,1:11.878,,,,,,,,,,,,
11,33,7.923,1:11.419,,,,,,,,,,,,
11,5,9.856,1:11.640,,,,,,,,,,,,
11,3,10.581,1:11.583,,,,,,,,,,,,
11,94,20.156,1:13.026,,,,,,,,,,,,
11,8,21.490,1:13.200,,,,,,,,,,,,
11,30,25.377,1:14.304,,,,,,,,,,,,
11,19,27.180,1:14.869,,,,,,,,,,,,
11,21,27.260,1:14.545,,,,,,,,,,,,
11,12,27.480,1:13.977,,,,,,,,,,,,
11,20,PIT,1:17.458,,,,,,,,,,,,
11,9,27.802,1:16.044,,,,,,,,,,,,
11,6,29.174,1:29.742,,,,,,,,,,,,
11,88,29.742,1:14.314,,,,,,,,,,,,
11,22,32.306,1:11.941,,,,,,,,,,,,
11,27,33.879,1:11.835,,,,,,,,,,,,
11,77,35.179,1:11.960,,,,,,,,,,,,
11,14,39.193,1:12.126,,,,,,,,,,,,
11,55,39.729,1:13.304,,,,,,,,,,,,
11,11,40.157,1:12.506,,,,,,,,,,,,
12,44,0,1:11.449,,,,,,,,,,,,
12,7,4.395,1:11.691,,,,,,,,,,,,
12,33,7.907,1:11.433,,,,,,,,,,,,
12,5,9.888,1:11.481,,,,,,,,,,,,
12,3,10.759,1:11.627,,,,,,,,,,,,
12,94,21.717,1:13.010,,,,,,,,,,,,
12,8,23.046,1:13.005,,,,,,,,,,,,
12,21,28.902,1:13.091,,,,,,,,,,,,
12,12,29.549,1:13.518,,,,,,,,,,,,
12,30,PIT,1:16.672,,,,,,,,,,,,
12,6,30.959,1:13.234,,,,,,,,,,,,
12,88,32.916,1:14.623,,,,,,,,,,,,
12,22,33.257,1:12.400,,,,,,,,,,,,
12,19,PIT,1:17.542,,,,,,,,,,,,
12,27,34.396,1:11.966,,,,,,,,,,,,
12,77,35.652,1:11.922,,,,,,,,,,,,
12,9,PIT,1:19.730,,,,,,,,,,,,
12,14,39.951,1:12.207,,,,,,,,,,,,
12,55,41.036,1:12.756,,,,,,,,,,,,
12,11,41.549,1:12.841,,,,,,,,,,,,
12,20,47.354,1:31.028,,,,,,,,,,,,
13,44,0,1:11.875,,,,,,,,,,,,
13,7,4.283,1:11.763,,,,,,,,,,,,
13,33,7.430,1:11.398,,,,,,,,,,,,
13,5,9.550,1:11.537,,,,,,,,,,,,
13,3,10.542,1:11.658,,,,,,,,,,,,
13,8,24.459,1:13.288,,,,,,,,,,,,
13,94,PIT,1:17.021,,,,,,,,,,,,
13,21,29.947,1:12.920,,,,,,,,,,,,
13,6,30.434,1:11.350,,,,,,,,,,,,
13,12,31.007,1:13.333,,,,,,,,,,,,
13,22,33.547,1:12.165,,,,,,,,,,,,
13,27,35.319,1:12.798,,,,,,,,,,,,
13,88,36.163,1:15.122,,,,,,,,,,,,
13,77,36.254,1:12.477,,,,,,,,,,,,
13,14,39.968,1:11.892,,,,,,,,,,,,
13,55,41.948,1:12.787,,,,,,,,,,,,
13,11,42.603,1:12.929,,,,,,,,,,,,
13,20,47.598,1:12.119,,,,,,,,,,,,
13,30,48.781,1:30.056,,,,,,,,,,,,
13,19,50.569,1:29.171,,,,,,,,,,,,
13,9,56.294,1:32.086,,,,,,,,,,,,
14,44,0,1:12.083,,,,,,,,,,,,
14,7,3.775,1:11.575,,,,,,,,,,,,
14,33,6.679,1:11.332,,,,,,,,,,,,
14,5,9.051,1:11.584,,,,,,,,,,,,
14,3,PIT,1:14.776,,,,,,,,,,,,
14,8,25.230,1:12.854,,,,,,,,,,,,
14,6,29.089,1:10.738,,,,,,,,,,,,
14,21,31.294,1:13.430,,,,,,,,,,,,
14,12,32.250,1:13.326,,,,,,,,,,,,
14,22,33.299,1:11.835,,,,,,,,,,,,
14,27,35.408,1:12.172,,,,,,,,,,,,
14,77,36.390,1:12.219,,,,,,,,,,,,
14,88,38.540,1:14.460,,,,,,,,,,,,
14,14,39.980,1:12.095,,,,,,,,,,,,
14,11,43.233,1:12.713,,,,,,,,,,,,
14,55,43.813,1:13.948,,,,,,,,,,,,
14,94,46.850,1:32.070,,,,,,,,,,,,
14,20,47.590,1:12.075,,,,,,,,,,,,
14,30,49.031,1:12.333,,,,,,,,,,,,
14,19,50.468,1:11.982,,,,,,,,,,,,
14,9,56.913,1:12.702,,,,,,,,,,,,
15,44,0,1:11.778,,,,,,,,,,,,
15,7,3.494,1:11.497,,,,,,,,,,,,
15,5,8.752,1:11.479,,,,,,,,,,,,
15,33,PIT,1:14.848,,,,,,,,,,,,
15,8,26.548,1:13.096,,,,,,,,,,,,
15,6,27.380,1:10.069,,,,,,,,,,,,
15,3,29.895,1:28.438,,,,,,,,,,,,
15,21,32.458,1:12.942,,,,,,,,,,,,
15,12,33.372,1:12.900,,,,,,,,,,,,
15,22,33.852,1:12.331,,,,,,,,,,,,
15,27,35.594,1:11.964,,,,,,,,,,,,
15,77,36.735,1:12.123,,,,,,,,,,,,
15,88,40.177,1:13.415,,,,,,,,,,,,
15,14,40.759,1:12.557,,,,,,,,,,,,
15,11,42.769,1:11.314,,,,,,,,,,,,
15,55,44.111,1:12.076,,,,,,,,,,,,
15,94,47.295,1:12.223,,,,,,,,,,,,
15,20,47.865,1:12.053,,,,,,,,,,,,
15,30,49.561,1:12.308,,,,,,,,,,,,
15,19,50.404,1:11.714,,,,,,,,,,,,
15,9,57.251,1:12.116,,,,,,,,,,,,
16,44,0,1:11.544,,,,,,,,,,,,
16,7,3.290,1:11.340,,,,,,,,,,,,
16,5,8.827,1:11.619,,,,,,,,,,,,
16,6,26.379,1:10.543,,,,,,,,,,,,
16,33,27.583,1:29.378,,,,,,,,,,,,
16,8,29.242,1:14.238,,,,,,,,,,,,
16,3,29.769,1:11.418,,,,,,,,,,,,
16,21,33.666,1:12.752,,,,,,,,,,,,
16,12,34.395,1:12.567,,,,,,,,,,,,
16,22,34.870,1:12.562,,,,,,,,,,,,
16,27,36.104,1:12.054,,,,,,,,,,,,
16,77,37.368,1:12.177,,,,,,,,,,,,
16,14,40.864,1:11.649,,,,,,,,,,,,
16,88,42.217,1:13.584,,,,,,,,,,,,
16,11,42.642,1:11.417,,,,,,,,,,,,
16,55,44.525,1:11.958,,,,,,,,,,,,
16,94,47.728,1:11.977,,,,,,,,,,,,
16,20,48.366,1:12.045,,,,,,,,,,,,
16,30,50.037,1:12.020,,,,,,,,,,,,
16,19,50.821,1:11.961,,,,,,,,,,,,
16,9,58.165,1:12.458,,,,,,,,,,,,
17,44,0,1:11.352,,,,,,,,,,,,
17,7,3.519,1:11.581,,,,,,,,,,,,
17,5,8.951,1:11.476,,,,,,,,,,,,
17,6,25.800,1:10.773,,,,,,,,,,,,
17,33,26.942,1:10.711,,,,,,,,,,,,
17,3,29.222,1:10.805,,,,,,,,,,,,
17,8,31.572,1:13.682,,,,,,,,,,,,
17,21,35.690,1:13.376,,,,,,,,,,,,
17,12,35.842,1:12.799,,,,,,,,,,,,
17,22,36.427,1:12.909,,,,,,,,,,,,
17,27,37.183,1:12.431,,,,,,,,,,,,
17,77,38.179,1:12.163,,,,,,,,,,,,
17,14,41.172,1:11.660,,,,,,,,,,,,
17,11,42.767,1:11.477,,,,,,,,,,,,
17,88,44.876,1:14.011,,,,,,,,,,,,
17,55,45.475,1:12.302,,,,,,,,,,,,
17,94,48.243,1:11.867,,,,,,,,,,,,
17,20,49.039,1:12.025,,,,,,,,,,,,
17,30,50.429,1:11.744,,,,,,,,,,,,
17,19,51.448,1:11.979,,,,,,,,,,,,
17,9,58.748,1:11.935,,,,,,,,,,,,
18,44,0,1:11.658,,,,,,,,,,,,
18,7,3.972,1:12.111,,,,,,,,,,,,
18,5,8.894,1:11.601,,,,,,,,,,,,
18,6,24.641,1:10.499,,,,,,,,,,,,
18,33,25.861,1:10.577,,,,,,,,,,,,
18,3,28.622,1:11.058,,,,,,,,,,,,
18,8,32.603,1:12.689,,,,,,,,,,,,
18,12,36.937,1:12.753,,,,,,,,,,,,
18,22,37.540,1:12.771,,,,,,,,,,,,
18,27,38.460,1:12.935,,,,,,,,,,,,
18,21,39.292,1:15.260,,,,,,,,,,,,
18,77,39.562,1:13.041,,,,,,,,,,,,
18,14,41.180,1:11.666,,,,,,,,,,,,
18,11,42.494,1:11.385,,,,,,,,,,,,
18,55,45.405,1:11.588,,,,,,,,,,,,
18,88,46.946,1:13.728,,,,,,,,,,,,
18,94,48.588,1:12.003,,,,,,,,,,,,
18,20,49.198,1:11.817,,,,,,,,,,,,
18,30,50.408,1:11.637,,,,,,,,,,,,
18,19,51.543,1:11.753,,,,,,,,,,,,
18,9,59.131,1:12.041,,,,,,,,,,,,
19,44,0,1:11.613,,,,,,,,,,,,
19,7,3.868,1:11.509,,,,,,,,,,,,
19,5,8.856,1:11.575,,,,,,,,,,,,
19,6,23.425,1:10.397,,,,,,,,,,,,
19,33,24.767,1:10.519,,,,,,,,,,,,
19,3,27.951,1:10.942,,,,,,,,,,,,
19,8,33.833,1:12.843,,,,,,,,,,,,
19,12,37.779,1:12.455,,,,,,,,,,,,
19,22,38.335,1:12.408,,,,,,,,,,,,
19,27,39.494,1:12.647,,,,,,,,,,,,
19,77,40.218,1:12.269,,,,,,,,,,,,
19,21,41.525,1:13.846,,,,,,,,,,,,
19,14,41.993,1:12.426,,,,,,,,,,,,
19,11,42.592,1:11.711,,,,,,,,,,,,
19,55,45.498,1:11.706,,,,,,,,,,,,
19,88,47.307,1:11.974,,,,,,,,,,,,
19,94,49.105,1:12.130,,,,,,,,,,,,
19,20,49.584,1:11.999,,,,,,,,,,,,
19,30,50.797,1:12.002,,,,,,,,,,,,
19,19,51.777,1:11.847,,,,,,,,,,,,
19,9,59.641,1:12.123,,,,,,,,,,,,
20,44,0,1:11.419,,,,,,,,,,,,
20,7,4.356,1:11.907,,,,,,,,,,,,
20,5,9.241,1:11.804,,,,,,,,,,,,
20,6,21.935,1:09.929,,,,,,,,,,,,
20,33,24.192,1:10.844,,,,,,,,,,,,
20,3,27.349,1:10.817,,,,,,,,,,,,
20,8,35.027,1:12.613,,,,,,,,,,,,
20,12,38.521,1:12.161,,,,,,,,,,,,
20,22,39.158,1:12.242,,,,,,,,,,,,
20,27,40.854,1:12.779,,,,,,,,,,,,
20,77,41.368,1:12.569,,,,,,,,,,,,
20,14,42.241,1:11.667,,,,,,,,,,,,
20,21,43.892,1:13.786,,,,,,,,,,,,
20,11,44.303,1:13.130,,,,,,,,,,,,
20,55,45.968,1:11.889,,,,,,,,,,,,
20,88,48.026,1:12.138,,,,,,,,,,,,
20,94,50.040,1:12.354,,,,,,,,,,,,
20,20,50.345,1:12.180,,,,,,,,,,,,
20,30,51.328,1:11.950,,,,,,,,,,,,
20,19,52.201,1:11.843,,,,,,,,,,,,
20,9,60.605,1:12.383,,,,,,,,,,,,
21,44,PIT,1:14.992,,,,,,,,,,,,
21,7,0.908,1:11.544,,,,,,,,,,,,
21,5,6.077,1:11.828,,,,,,,,,,,,
21,6,16.609,1:09.666,,,,,,,,,,,,
21,33,19.634,1:10.434,,,,,,,,,,,,
21,3,23.145,1:10.788,,,,,,,,,,,,
21,8,33.057,1:13.022,,,,,,,,,,,,
21,22,35.471,1:11.305,,,,,,,,,,,,
21,12,36.814,1:13.285,,,,,,,,,,,,
21,77,38.101,1:11.725,,,,,,,,,,,,
21,27,38.919,1:13.057,,,,,,,,,,,,
21,14,39.237,1:11.988,,,,,,,,,,,,
21,11,42.858,1:13.547,,,,,,,,,,,,
21,55,43.231,1:12.255,,,,,,,,,,,,
21,88,45.334,1:12.300,,,,,,,,,,,,
21,21,PIT,1:16.508,,,,,,,,,,,,
21,94,47.418,1:12.370,,,,,,,,,,,,
21,20,47.709,1:12.356,,,,,,,,,,,,
21,30,48.487,1:12.151,,,,,,,,,,,,
21,19,49.091,1:11.882,,,,,,,,,,,,
21,9,57.415,1:11.802,,,,,,,,,,,,
22,7,PIT,1:15.819,,,,,,,,,,,,
22,5,1.288,1:11.938,,,,,,,,,,,,
22,6,9.418,1:09.536,,,,,,,,,,,,
22,44,13.350,1:30.077,,,,,,,,,,,,
22,33,13.906,1:10.999,,,,,,,,,,,,
22,3,17.460,1:11.042,,,,,,,,,,,,
22,8,28.907,1:12.577,,,,,,,,,,,,
22,22,30.791,1:12.047,,,,,,,,,,,,
22,77,33.530,1:12.156,,,,,,,,,,,,
22,12,34.670,1:14.583,,,,,,,,,,,,
22,14,34.990,1:12.480,,,,,,,,,,,,
22,27,35.778,1:13.586,,,,,,,,,,,,
22,11,37.876,1:11.745,,,,,,,,,,,,
22,55,38.822,1:12.318,,,,,,,,,,,,
22,88,40.846,1:12.239,,,,,,,,,,,,
22,20,43.761,1:12.779,,,,,,,,,,,,
22,94,45.089,1:14.398,,,,,,,,,,,,
22,30,45.329,1:13.569,,,,,,,,,,,,
22,19,45.798,1:13.434,,,,,,,,,,,,
22,9,52.682,1:11.994,,,,,,,,,,,,
22,21,59.193,1:30.512,,,,,,,,,,,,
23,5,0,1:11.753,,,,,,,,,,,,
23,6,6.132,1:09.755,,,,,,,,,,,,
23,44,11.207,1:10.898,,,,,,,,,,,,
23,33,11.759,1:10.894,,,,,,,,,,,,
23,3,15.148,1:10.729,,,,,,,,,,,,
23,7,16.603,1:29.644,,,,,,,,,,,,
23,8,28.631,1:12.765,,,,,,,,,,,,
23,22,29.680,1:11.930,,,,,,,,,,,,
23,77,32.362,1:11.873,,,,,,,,,,,,
23,12,34.744,1:13.115,,,,,,,,,,,,
23,14,35.217,1:13.268,,,,,,,,,,,,
23,27,36.061,1:13.324,,,,,,,,,,,,
23,11,36.597,1:11.762,,,,,,,,,,,,
23,55,37.924,1:12.143,,,,,,,,,,,,
23,88,40.123,1:12.318,,,,,,,,,,,,
23,20,43.234,1:12.514,,,,,,,,,,,,
23,19,45.335,1:12.578,,,,,,,,,,,,
23,30,46.206,1:13.918,,,,,,,,,,,,
23,94,PIT,1:18.879,,,,,,,,,,,,
23,9,51.980,1:12.339,,,,,,,,,,,,
23,21,57.887,1:11.735,,,,,,,,,,,,
24,5,0,1:11.845,,,,,,,,,,,,
24,6,4.448,1:10.161,,,,,,,,,,,,
24,44,9.458,1:10.096,,,,,,,,,,,,
24,33,10.679,1:10.765,,,,,,,,,,,,
24,3,14.068,1:10.765,,,,,,,,,,,,
24,7,16.035,1:11.277,,,,,,,,,,,,
24,8,29.325,1:12.539,,,,,,,,,,,,
24,22,29.993,1:12.158,,,,,,,,,,,,
24,77,32.445,1:11.928,,,,,,,,,,,,
24,12,35.375,1:12.476,,,,,,,,,,,,
24,14,35.844,1:12.472,,,,,,,,,,,,
24,11,38.046,1:13.294,,,,,,,,,,,,
24,55,38.408,1:12.329,,,,,,,,,,,,
24,27,PIT,1:16.413,,,,,,,,,,,,
24,88,40.630,1:12.352,,,,,,,,,,,,
24,20,43.439,1:12.050,,,,,,,,,,,,
24,19,45.149,1:11.659,,,,,,,,,,,,
24,30,46.342,1:11.981,,,,,,,,,,,,
24,9,52.092,1:11.957,,,,,,,,,,,,
24,21,57.393,1:11.351,,,,,,,,,,,,
25,5,0,1:11.619,,,,,,,,,,,,
25,94,1 LAP,1:34.476,,,,,,,,,,,,
25,6,2.882,1:10.053,,,,,,,,,,,,
25,44,7.920,1:10.081,,,,,,,,,,,,
25,33,9.635,1:10.575,,,,,,,,,,,,
25,3,13.044,1:10.595,,,,,,,,,,,,
25,7,15.429,1:11.013,,,,,,,,,,,,
25,22,29.974,1:11.600,,,,,,,,,,,,
25,8,31.120,1:13.414,,,,,,,,,,,,
25,77,32.779,1:11.953,,,,,,,,,,,,
25,12,35.783,1:12.027,,,,,,,,,,,,
25,14,36.412,1:12.187,,,,,,,,,,,,
25,11,38.216,1:11.789,,,,,,,,,,,,
25,55,39.091,1:12.302,,,,,,,,,,,,
25,88,40.983,1:11.972,,,,,,,,,,,,
25,20,43.830,1:12.010,,,,,,,,,,,,
25,19,45.146,1:11.616,,,,,,,,,,,,
25,30,46.715,1:11.992,,,,,,,,,,,,
25,9,52.602,1:12.129,,,,,,,,,,,,
25,27,57.774,1:28.764,,,,,,,,,,,,
25,21,58.283,1:12.509,,,,,,,,,,,,
26,5,0,1:11.930,,,,,,,,,,,,
26,6,1.215,1:10.263,,,,,,,,,,,,
26,94,1 LAP,1:12.831,,,,,,,,,,,,
26,44,5.955,1:09.965,,,,,,,,,,,,
26,33,8.060,1:10.355,,,,,,,,,,,,
26,3,11.597,1:10.483,,,,,,,,,,,,
26,7,14.110,1:10.611,,,,,,,,,,,,
26,77,39.551,1:18.702,,,,,,,,,,,,
26,22,PIT,1:22.704,,,,,,,,,,,,
26,8,PIT,1:23.116,,,,,,,,,,,,
26,12,45.784,1:21.931,,,,,,,,,,,,
26,14,PIT,1:23.250,,,,,,,,,,,,
26,11,PIT,1:23.198,,,,,,,,,,,,
26,55,50.617,1:23.456,,,,,,,,,,,,
26,88,52.444,1:23.391,,,,,,,,,,,,
26,20,55.433,1:23.533,,,,,,,,,,,,
26,19,56.682,1:23.466,,,,,,,,,,,,
26,30,60.264,1:25.479,,,,,,,,,,,,
26,9,68.119,1:27.447,,,,,,,,,,,,
26,27,74.483,1:28.639,,,,,,,,,,,,
26,21,75.606,1:29.253,,,,,,,,,,,,
27,6,0,1:36.256,,,,,,,,,,,,
27,94,1 LAP,1:38.582,,,,,,,,,,,,
27,44,9.460,1:40.976,,,,,,,,,,,,
27,33,10.355,1:39.766,,,,,,,,,,,,
27,3,14.521,1:40.395,,,,,,,,,,,,
27,7,18.994,1:42.355,,,,,,,,,,,,
27,77,42.176,1:40.096,,,,,,,,,,,,
27,12,47.579,1:39.266,,,,,,,,,,,,
27,55,51.369,1:38.223,,,,,,,,,,,,
27,22,58.221,1:54.944,,,,,,,,,,,,
27,8,59.122,1:54.287,,,,,,,,,,,,
27,20,59.979,1:42.017,,,,,,,,,,,,
27,88,PIT,1:45.070,,,,,,,,,,,,
27,19,60.649,1:41.438,,,,,,,,,,,,
27,30,61.754,1:38.961,,,,,,,,,,,,
27,14,63.104,1:52.843,,,,,,,,,,,,
27,11,64.184,1:52.171,,,,,,,,,,,,
27,9,69.655,1:39.007,,,,,,,,,,,,
27,27,75.156,1:38.144,,,,,,,,,,,,
27,21,76.328,1:38.193,,,,,,,,,,,,
28,6,PIT,2:14.966,,,,,,,,,,,,
28,94,PIT,2:12.265,,,,,,,,,,,,
28,44,PIT,2:08.576,,,,,,,,,,,,
28,33,PIT,2:08.948,,,,,,,,,,,,
28,3,PIT,2:06.463,,,,,,,,,,,,
28,7,PIT,2:04.776,,,,,,,,,,,,
28,77,PIT,1:42.757,,,,,,,,,,,,
28,12,PIT,1:39.075,,,,,,,,,,,,
28,55,PIT,1:36.359,,,,,,,,,,,,
28,22,PIT,1:32.156,,,,,,,,,,,,
28,8,PIT,1:33.762,,,,,,,,,,,,
28,20,PIT,1:35.323,,,,,,,,,,,,
28,19,PIT,1:35.719,,,,,,,,,,,,
28,30,PIT,1:35.628,,,,,,,,,,,,
28,14,PIT,1:35.480,,,,,,,,,,,,
28,11,PIT,1:35.488,,,,,,,,,,,,
28,9,PIT,1:31.864,,,,,,,,,,,,
28,27,PIT,1:27.152,,,,,,,,,,,,
28,21,PIT,1:28.912,,,,,,,,,,,,
28,88,PIT,1:47.413,,,,,,,,,,,,
29,6,PIT,2:05.830,,,,,,,,,,,,
29,94,PIT,2:05.661,,,,,,,,,,,,
29,44,PIT,2:05.144,,,,,,,,,,,,
29,33,PIT,2:05.379,,,,,,,,,,,,
29,3,PIT,2:05.130,,,,,,,,,,,,
29,7,PIT,2:04.902,,,,,,,,,,,,
29,77,PIT,2:05.037,,,,,,,,,,,,
29,12,PIT,2:05.198,,,,,,,,,,,,
29,22,PIT,2:03.936,,,,,,,,,,,,
29,8,PIT,2:03.007,,,,,,,,,,,,
29,20,PIT,2:01.705,,,,,,,,,,,,
29,19,PIT,2:01.539,,,,,,,,,,,,
29,30,PIT,2:01.877,,,,,,,,,,,,
29,14,PIT,2:01.943,,,,,,,,,,,,
29,11,PIT,2:01.852,,,,,,,,,,,,
29,9,PIT,2:02.566,,,,,,,,,,,,
29,27,PIT,2:02.539,,,,,,,,,,,,
29,55,PIT,2:18.173,,,,,,,,,,,,
29,21,PIT,2:01.814,,,,,,,,,,,,
29,88,PIT,2:01.407,,,,,,,,,,,,
29,94,97.597,1:36.516,,,,,,,,,,,,
30,6,0,1:59.642,,,,,,,,,,,,
30,44,0.938,1:58.196,,,,,,,,,,,,
30,33,2.338,1:58.094,,,,,,,,,,,,
30,3,3.022,1:57.346,,,,,,,,,,,,
30,7,4.287,1:56.053,,,,,,,,,,,,
30,77,5.053,1:55.521,,,,,,,,,,,,
30,12,6.008,1:54.594,,,,,,,,,,,,
30,22,7.779,1:53.904,,,,,,,,,,,,
30,8,9.569,1:54.116,,,,,,,,,,,,
30,20,10.350,1:53.781,,,,,,,,,,,,
30,19,11.364,1:53.895,,,,,,,,,,,,
30,30,12.168,1:53.347,,,,,,,,,,,,
30,14,13.250,1:53.161,,,,,,,,,,,,
30,11,14.385,1:53.299,,,,,,,,,,,,
30,9,15.838,1:52.191,,,,,,,,,,,,
30,27,16.512,1:52.103,,,,,,,,,,,,
30,55,17.495,1:52.032,,,,,,,,,,,,
30,21,18.309,1:51.693,,,,,,,,,,,,
30,88,19.762,1:51.337,,,,,,,,,,,,
30,94,50.875,1:12.920,,,,,,,,,,,,
31,6,0,1:44.070,,,,,,,,,,,,
31,44,0.723,1:43.855,,,,,,,,,,,,
31,33,1.212,1:42.944,,,,,,,,,,,,
31,3,1.547,1:42.595,,,,,,,,,,,,
31,7,1.933,1:41.716,,,,,,,,,,,,
31,77,2.500,1:41.517,,,,,,,,,,,,
31,12,3.002,1:41.064,,,,,,,,,,,,
31,22,3.481,1:39.772,,,,,,,,,,,,
31,8,3.880,1:38.381,,,,,,,,,,,,
31,20,4.227,1:37.947,,,,,,,,,,,,
31,19,4.454,1:37.160,,,,,,,,,,,,
31,30,5.064,1:36.966,,,,,,,,,,,,
31,14,5.093,1:35.913,,,,,,,,,,,,
31,11,5.215,1:34.900,,,,,,,,,,,,
31,9,5.612,1:33.844,,,,,,,,,,,,
31,27,5.753,1:33.311,,,,,,,,,,,,
31,55,6.202,1:32.777,,,,,,,,,,,,
31,21,6.670,1:32.431,,,,,,,,,,,,
31,88,6.817,1:31.125,,,,,,,,,,,,
31,94,18.756,1:11.951,,,,,,,,,,,,
32,6,0,1:10.556,,,,,,,,,,,,
32,44,1.333,1:11.166,,,,,,,,,,,,
32,33,2.306,1:11.650,,,,,,,,,,,,
32,3,2.971,1:11.980,,,,,,,,,,,,
32,7,3.950,1:12.573,,,,,,,,,,,,
32,77,4.906,1:12.962,,,,,,,,,,,,
32,12,5.711,1:13.265,,,,,,,,,,,,
32,22,6.480,1:13.555,,,,,,,,,,,,
32,8,7.182,1:13.858,,,,,,,,,,,,
32,19,7.898,1:14.000,,,,,,,,,,,,
32,11,8.379,1:13.720,,,,,,,,,,,,
32,14,8.849,1:14.312,,,,,,,,,,,,
32,20,9.454,1:15.783,,,,,,,,,,,,
32,27,9.694,1:14.497,,,,,,,,,,,,
32,30,10.226,1:15.718,,,,,,,,,,,,
32,55,10.538,1:14.892,,,,,,,,,,,,
32,9,11.097,1:16.041,,,,,,,,,,,,
32,21,11.540,1:15.426,,,,,,,,,,,,
32,88,11.955,1:15.694,,,,,,,,,,,,
32,94,20.228,1:12.028,,,,,,,,,,,,
33,6,0,1:09.521,,,,,,,,,,,,
33,44,1.995,1:10.183,,,,,,,,,,,,
33,33,3.552,1:10.767,,,,,,,,,,,,
33,3,4.781,1:11.331,,,,,,,,,,,,
33,7,6.037,1:11.608,,,,,,,,,,,,
33,77,7.277,1:11.892,,,,,,,,,,,,
33,12,8.319,1:12.129,,,,,,,,,,,,
33,22,9.092,1:12.133,,,,,,,,,,,,
33,8,10.282,1:12.621,,,,,,,,,,,,
33,19,11.084,1:12.707,,,,,,,,,,,,
33,11,11.658,1:12.800,,,,,,,,,,,,
33,14,12.133,1:12.805,,,,,,,,,,,,
33,20,13.085,1:13.152,,,,,,,,,,,,
33,27,13.588,1:13.415,,,,,,,,,,,,
33,55,14.360,1:13.343,,,,,,,,,,,,
33,21,15.074,1:13.055,,,,,,,,,,,,
33,30,15.754,1:15.049,,,,,,,,,,,,
33,9,16.234,1:14.658,,,,,,,,,,,,
33,88,16.651,1:14.217,,,,,,,,,,,,
33,94,22.662,1:11.955,,,,,,,,,,,,
34,6,0,1:09.449,,,,,,,,,,,,
34,44,2.152,1:09.606,,,,,,,,,,,,
34,33,4.658,1:10.555,,,,,,,,,,,,
34,3,6.227,1:10.895,,,,,,,,,,,,
34,7,7.850,1:11.262,,,,,,,,,,,,
34,77,9.647,1:11.819,,,,,,,,,,,,
34,12,10.710,1:11.840,,,,,,,,,,,,
34,22,11.332,1:11.689,,,,,,,,,,,,
34,8,12.338,1:11.505,,,,,,,,,,,,
34,19,13.222,1:11.587,,,,,,,,,,,,
34,11,13.982,1:11.773,,,,,,,,,,,,
34,14,14.777,1:12.093,,,,,,,,,,,,
34,27,16.272,1:12.133,,,,,,,,,,,,
34,20,16.772,1:13.136,,,,,,,,,,,,
34,55,17.153,1:12.242,,,,,,,,,,,,
34,21,17.761,1:12.136,,,,,,,,,,,,
34,30,18.482,1:12.177,,,,,,,,,,,,
34,9,19.708,1:12.923,,,,,,,,,,,,
34,88,20.440,1:13.238,,,,,,,,,,,,
34,94,25.113,1:11.900,,,,,,,,,,,,
35,6,0,1:09.713,,,,,,,,,,,,
35,44,1.955,1:09.516,,,,,,,,,,,,
35,33,5.274,1:10.329,,,,,,,,,,,,
35,3,7.166,1:10.652,,,,,,,,,,,,
35,7,9.186,1:11.049,,,,,,,,,,,,
35,77,11.929,1:11.995,,,,,,,,,,,,
35,12,12.806,1:11.809,,,,,,,,,,,,
35,22,13.459,1:11.840,,,,,,,,,,,,
35,8,14.449,1:11.824,,,,,,,,,,,,
35,19,15.090,1:11.581,,,,,,,,,,,,
35,11,15.575,1:11.306,,,,,,,,,,,,
35,14,16.589,1:11.525,,,,,,,,,,,,
35,27,17.969,1:11.410,,,,,,,,,,,,
35,55,19.281,1:11.841,,,,,,,,,,,,
35,21,20.279,1:12.231,,,,,,,,,,,,
35,20,20.735,1:13.676,,,,,,,,,,,,
35,30,21.303,1:12.534,,,,,,,,,,,,
35,9,22.331,1:12.336,,,,,,,,,,,,
35,88,23.167,1:12.440,,,,,,,,,,,,
35,94,27.217,1:11.817,,,,,,,,,,,,
36,6,0,1:09.518,,,,,,,,,,,,
36,44,2.002,1:09.565,,,,,,,,,,,,
36,33,5.982,1:10.226,,,,,,,,,,,,
36,3,7.975,1:10.327,,,,,,,,,,,,
36,7,10.181,1:10.513,,,,,,,,,,,,
36,77,14.161,1:11.750,,,,,,,,,,,,
36,12,15.076,1:11.788,,,,,,,,,,,,
36,22,15.617,1:11.676,,,,,,,,,,,,
36,8,16.478,1:11.547,,,,,,,,,,,,
36,19,17.053,1:11.481,,,,,,,,,,,,
36,11,17.592,1:11.535,,,,,,,,,,,,
36,14,18.494,1:11.423,,,,,,,,,,,,
36,27,19.807,1:11.356,,,,,,,,,,,,
36,55,20.858,1:11.095,,,,,,,,,,,,
36,21,22.134,1:11.373,,,,,,,,,,,,
36,20,23.229,1:12.012,,,,,,,,,,,,
36,30,23.897,1:12.112,,,,,,,,,,,,
36,9,25.133,1:12.320,,,,,,,,,,,,
36,88,25.820,1:12.171,,,,,,,,,,,,
36,94,29.197,1:11.498,,,,,,,,,,,,
37,6,0,1:09.516,,,,,,,,,,,,
37,44,2.041,1:09.555,,,,,,,,,,,,
37,33,6.636,1:10.170,,,,,,,,,,,,
37,3,8.788,1:10.329,,,,,,,,,,,,
37,7,11.271,1:10.606,,,,,,,,,,,,
37,77,15.909,1:11.264,,,,,,,,,,,,
37,12,17.001,1:11.441,,,,,,,,,,,,
37,22,17.608,1:11.507,,,,,,,,,,,,
37,8,18.286,1:11.324,,,,,,,,,,,,
37,19,19.123,1:11.586,,,,,,,,,,,,
37,11,19.586,1:11.510,,,,,,,,,,,,
37,14,20.387,1:11.409,,,,,,,,,,,,
37,27,21.527,1:11.236,,,,,,,,,,,,
37,55,22.280,1:10.938,,,,,,,,,,,,
37,21,24.091,1:11.473,,,,,,,,,,,,
37,20,25.487,1:11.774,,,,,,,,,,,,
37,30,26.255,1:11.874,,,,,,,,,,,,
37,9,27.601,1:11.984,,,,,,,,,,,,
37,88,28.456,1:12.152,,,,,,,,,,,,
37,94,31.270,1:11.589,,,,,,,,,,,,
38,6,0,1:09.321,,,,,,,,,,,,
38,44,2.008,1:09.288,,,,,,,,,,,,
38,33,7.433,1:10.118,,,,,,,,,,,,
38,3,10.163,1:10.696,,,,,,,,,,,,
38,7,12.356,1:10.406,,,,,,,,,,,,
38,77,18.021,1:11.433,,,,,,,,,,,,
38,12,20.000,1:12.320,,,,,,,,,,,,
38,22,20.377,1:12.090,,,,,,,,,,,,
38,8,20.901,1:11.936,,,,,,,,,,,,
38,19,21.281,1:11.479,,,,,,,,,,,,
38,11,21.719,1:11.454,,,,,,,,,,,,
38,14,22.562,1:11.496,,,,,,,,,,,,
38,27,23.485,1:11.279,,,,,,,,,,,,
38,55,24.046,1:11.087,,,,,,,,,,,,
38,21,25.912,1:11.142,,,,,,,,,,,,
38,20,27.812,1:11.646,,,,,,,,,,,,
38,30,28.664,1:11.730,,,,,,,,,,,,
38,9,30.326,1:12.046,,,,,,,,,,,,
38,88,31.075,1:11.940,,,,,,,,,,,,
38,94,33.206,1:11.257,,,,,,,,,,,,
39,6,0,1:09.264,,,,,,,,,,,,
39,44,1.988,1:09.244,,,,,,,,,,,,
39,33,8.211,1:10.042,,,,,,,,,,,,
39,3,11.302,1:10.403,,,,,,,,,,,,
39,7,13.904,1:10.812,,,,,,,,,,,,
39,77,19.966,1:11.209,,,,,,,,,,,,
39,22,21.995,1:10.882,,,,,,,,,,,,
39,12,23.013,1:12.277,,,,,,,,,,,,
39,8,23.397,1:11.760,,,,,,,,,,,,
39,19,24.029,1:12.012,,,,,,,,,,,,
39,11,24.392,1:11.937,,,,,,,,,,,,
39,14,25.066,1:11.768,,,,,,,,,,,,
39,27,25.774,1:11.553,,,,,,,,,,,,
39,55,26.241,1:11.459,,,,,,,,,,,,
39,21,27.512,1:10.864,,,,,,,,,,,,
39,20,30.099,1:11.551,,,,,,,,,,,,
39,30,30.810,1:11.410,,,,,,,,,,,,
39,9,32.748,1:11.686,,,,,,,,,,,,
39,88,33.586,1:11.775,,,,,,,,,,,,
39,94,35.188,1:11.246,,,,,,,,,,,,
40,6,0,1:09.199,,,,,,,,,,,,
40,44,1.799,1:09.010,,,,,,,,,,,,
40,33,8.928,1:09.916,,,,,,,,,,,,
40,3,12.382,1:10.279,,,,,,,,,,,,
40,7,14.938,1:10.233,,,,,,,,,,,,
40,77,21.910,1:11.143,,,,,,,,,,,,
40,22,23.634,1:10.838,,,,,,,,,,,,
40,12,25.224,1:11.410,,,,,,,,,,,,
40,8,25.682,1:11.484,,,,,,,,,,,,
40,19,26.566,1:11.736,,,,,,,,,,,,
40,11,27.135,1:11.942,,,,,,,,,,,,
40,14,27.761,1:11.894,,,,,,,,,,,,
40,27,28.308,1:11.733,,,,,,,,,,,,
40,55,28.671,1:11.629,,,,,,,,,,,,
40,21,29.815,1:11.502,,,,,,,,,,,,
40,20,32.444,1:11.544,,,,,,,,,,,,
40,30,33.168,1:11.557,,,,,,,,,,,,
40,9,35.107,1:11.558,,,,,,,,,,,,
40,88,36.127,1:11.740,,,,,,,,,,,,
40,94,37.325,1:11.336,,,,,,,,,,,,
41,6,0,1:09.135,,,,,,,,,,,,
41,44,1.907,1:09.243,,,,,,,,,,,,
41,33,9.737,1:09.944,,,,,,,,,,,,
41,3,13.422,1:10.175,,,,,,,,,,,,
41,7,15.918,1:10.115,,,,,,,,,,,,
41,77,23.852,1:11.077,,,,,,,,,,,,
41,22,25.609,1:11.110,,,,,,,,,,,,
41,12,27.767,1:11.678,,,,,,,,,,,,
41,8,28.215,1:11.668,,,,,,,,,,,,
41,19,28.882,1:11.451,,,,,,,,,,,,
41,11,29.468,1:11.468,,,,,,,,,,,,
41,14,30.255,1:11.629,,,,,,,,,,,,
41,27,30.797,1:11.624,,,,,,,,,,,,
41,55,31.166,1:11.630,,,,,,,,,,,,
41,20,34.910,1:11.601,,,,,,,,,,,,
41,21,PIT,1:14.652,,,,,,,,,,,,
41,30,35.660,1:11.627,,,,,,,,,,,,
41,9,37.336,1:11.364,,,,,,,,,,,,
41,88,38.449,1:11.457,,,,,,,,,,,,
41,94,39.250,1:11.060,,,,,,,,,,,,
42,6,0,1:08.955,,,,,,,,,,,,
42,44,2.004,1:09.052,,,,,,,,,,,,
42,33,10.632,1:09.850,,,,,,,,,,,,
42,3,14.885,1:10.418,,,,,,,,,,,,
42,7,17.152,1:10.189,,,,,,,,,,,,
42,77,25.634,1:10.737,,,,,,,,,,,,
42,22,27.571,1:10.917,,,,,,,,,,,,
42,8,30.468,1:11.208,,,,,,,,,,,,
42,12,31.493,1:12.681,,,,,,,,,,,,
42,19,31.896,1:11.969,,,,,,,,,,,,
42,11,32.391,1:11.878,,,,,,,,,,,,
42,14,33.121,1:11.821,,,,,,,,,,,,
42,27,33.719,1:11.877,,,,,,,,,,,,
42,55,33.990,1:11.779,,,,,,,,,,,,
42,20,37.449,1:11.494,,,,,,,,,,,,
42,30,38.299,1:11.594,,,,,,,,,,,,
42,9,39.621,1:11.240,,,,,,,,,,,,
42,88,41.748,1:12.254,,,,,,,,,,,,
42,94,42.171,1:11.876,,,,,,,,,,,,
42,21,55.820,1:29.443,,,,,,,,,,,,
43,6,0,1:09.229,,,,,,,,,,,,
43,44,1.851,1:09.076,,,,,,,,,,,,
43,33,11.148,1:09.745,,,,,,,,,,,,
43,3,15.865,1:10.209,,,,,,,,,,,,
43,7,17.967,1:10.044,,,,,,,,,,,,
43,77,27.144,1:10.739,,,,,,,,,,,,
43,22,29.211,1:10.869,,,,,,,,,,,,
43,8,32.076,1:10.837,,,,,,,,,,,,
43,19,33.929,1:11.262,,,,,,,,,,,,
43,11,34.555,1:11.393,,,,,,,,,,,,
43,14,36.457,1:12.565,,,,,,,,,,,,
43,27,36.885,1:12.395,,,,,,,,,,,,
43,55,37.096,1:12.335,,,,,,,,,,,,
43,20,39.510,1:11.290,,,,,,,,,,,,
43,12,PIT,1:17.610,,,,,,,,,,,,
43,30,40.371,1:11.301,,,,,,,,,,,,
43,9,41.713,1:11.321,,,,,,,,,,,,
43,88,44.285,1:11.766,,,,,,,,,,,,
43,94,44.657,1:11.715,,,,,,,,,,,,
43,21,57.305,1:10.714,,,,,,,,,,,,
44,6,0,1:10.383,,,,,,,,,,,,
44,44,0.946,1:09.478,,,,,,,,,,,,
44,33,10.600,1:09.835,,,,,,,,,,,,
44,3,15.664,1:10.182,,,,,,,,,,,,
44,7,17.360,1:09.776,,,,,,,,,,,,
44,77,27.682,1:10.921,,,,,,,,,,,,
44,22,29.607,1:10.779,,,,,,,,,,,,
44,8,32.470,1:10.777,,,,,,,,,,,,
44,19,34.410,1:10.864,,,,,,,,,,,,
44,11,35.399,1:11.227,,,,,,,,,,,,
44,14,37.094,1:11.020,,,,,,,,,,,,
44,55,38.470,1:11.757,,,,,,,,,,,,
44,27,39.259,1:12.757,,,,,,,,,,,,
44,20,40.378,1:11.251,,,,,,,,,,,,
44,30,41.119,1:11.131,,,,,,,,,,,,
44,9,42.876,1:11.546,,,,,,,,,,,,
44,94,45.816,1:11.542,,,,,,,,,,,,
44,88,47.373,1:13.471,,,,,,,,,,,,
44,21,57.299,1:10.377,,,,,,,,,,,,
44,12,59.408,1:29.917,,,,,,,,,,,,
45,6,0,1:09.290,,,,,,,,,,,,
45,44,1.176,1:09.520,,,,,,,,,,,,
45,33,11.194,1:09.884,,,,,,,,,,,,
45,3,16.607,1:10.233,,,,,,,,,,,,
45,7,17.864,1:09.794,,,,,,,,,,,,
45,77,29.380,1:10.988,,,,,,,,,,,,
45,22,30.669,1:10.352,,,,,,,,,,,,
45,8,34.009,1:10.829,,,,,,,,,,,,
45,19,36.112,1:10.992,,,,,,,,,,,,
45,11,36.764,1:10.655,,,,,,,,,,,,
45,14,38.956,1:11.152,,,,,,,,,,,,
45,55,40.121,1:10.941,,,,,,,,,,,,
45,27,41.226,1:11.257,,,,,,,,,,,,
45,20,42.259,1:11.171,,,,,,,,,,,,
45,30,43.188,1:11.359,,,,,,,,,,,,
45,9,44.934,1:11.348,,,,,,,,,,,,
45,94,47.674,1:11.148,,,,,,,,,,,,
45,88,50.652,1:12.569,,,,,,,,,,,,
45,21,58.771,1:10.762,,,,,,,,,,,,
45,12,60.829,1:10.711,,,,,,,,,,,,
46,6,0,1:09.416,,,,,,,,,,,,
46,44,1.152,1:09.392,,,,,,,,,,,,
46,33,11.462,1:09.684,,,,,,,,,,,,
46,3,17.310,1:10.119,,,,,,,,,,,,
46,7,18.489,1:10.041,,,,,,,,,,,,
46,77,31.121,1:11.157,,,,,,,,,,,,
46,22,31.855,1:10.602,,,,,,,,,,,,
46,8,35.317,1:10.724,,,,,,,,,,,,
46,19,37.533,1:10.837,,,,,,,,,,,,
46,11,38.744,1:11.396,,,,,,,,,,,,
46,14,40.675,1:11.135,,,,,,,,,,,,
46,55,41.472,1:10.767,,,,,,,,,,,,
46,27,42.739,1:10.929,,,,,,,,,,,,
46,20,43.903,1:11.060,,,,,,,,,,,,
46,30,45.133,1:11.361,,,,,,,,,,,,
46,9,46.950,1:11.432,,,,,,,,,,,,
46,94,49.399,1:11.141,,,,,,,,,,,,
46,88,53.350,1:12.114,,,,,,,,,,,,
46,21,59.996,1:10.641,,,,,,,,,,,,
46,12,61.828,1:10.415,,,,,,,,,,,,
47,6,0,1:09.319,,,,,,,,,,,,
47,44,1.311,1:09.478,,,,,,,,,,,,
47,33,12.160,1:10.017,,,,,,,,,,,,
47,3,18.181,1:10.190,,,,,,,,,,,,
47,7,19.587,1:10.417,,,,,,,,,,,,
47,77,32.937,1:11.135,,,,,,,,,,,,
47,22,33.492,1:10.956,,,,,,,,,,,,
47,8,36.563,1:10.565,,,,,,,,,,,,
47,19,39.073,1:10.859,,,,,,,,,,,,
47,11,40.443,1:11.018,,,,,,,,,,,,
47,14,42.651,1:11.295,,,,,,,,,,,,
47,55,43.146,1:10.993,,,,,,,,,,,,
47,27,44.483,1:11.063,,,,,,,,,,,,
47,20,45.638,1:11.054,,,,,,,,,,,,
47,30,47.276,1:11.462,,,,,,,,,,,,
47,9,49.124,1:11.493,,,,,,,,,,,,
47,94,51.329,1:11.249,,,,,,,,,,,,
47,88,56.033,1:12.002,,,,,,,,,,,,
47,21,61.208,1:10.531,,,,,,,,,,,,
47,12,63.064,1:10.555,,,,,,,,,,,,
48,6,0,1:09.293,,,,,,,,,,,,
48,44,1.453,1:09.435,,,,,,,,,,,,
48,33,12.674,1:09.807,,,,,,,,,,,,
48,3,18.846,1:09.958,,,,,,,,,,,,
48,7,20.127,1:09.833,,,,,,,,,,,,
48,77,34.685,1:11.041,,,,,,,,,,,,
48,22,35.482,1:11.283,,,,,,,,,,,,
48,8,37.788,1:10.518,,,,,,,,,,,,
48,19,40.661,1:10.881,,,,,,,,,,,,
48,11,41.739,1:10.589,,,,,,,,,,,,
48,55,44.865,1:11.012,,,,,,,,,,,,
48,14,46.134,1:12.776,,,,,,,,,,,,
48,27,46.804,1:11.614,,,,,,,,,,,,
48,20,47.579,1:11.234,,,,,,,,,,,,
48,30,49.415,1:11.432,,,,,,,,,,,,
48,9,50.963,1:11.132,,,,,,,,,,,,
48,94,53.291,1:11.255,,,,,,,,,,,,
48,88,58.477,1:11.737,,,,,,,,,,,,
48,21,62.258,1:10.343,,,,,,,,,,,,
48,12,64.194,1:10.423,,,,,,,,,,,,
49,6,0,1:09.224,,,,,,,,,,,,
49,44,1.578,1:09.349,,,,,,,,,,,,
49,33,13.197,1:09.747,,,,,,,,,,,,
49,3,19.594,1:09.972,,,,,,,,,,,,
49,7,20.971,1:10.068,,,,,,,,,,,,
49,77,36.524,1:11.063,,,,,,,,,,,,
49,22,37.265,1:11.007,,,,,,,,,,,,
49,8,39.272,1:10.708,,,,,,,,,,,,
49,19,42.209,1:10.772,,,,,,,,,,,,
49,11,43.384,1:10.869,,,,,,,,,,,,
49,55,46.160,1:10.519,,,,,,,,,,,,
49,14,48.170,1:11.260,,,,,,,,,,,,
49,27,49.306,1:11.726,,,,,,,,,,,,
49,30,51.660,1:11.469,,,,,,,,,,,,
49,9,53.019,1:11.280,,,,,,,,,,,,
49,20,PIT,1:14.973,,,,,,,,,,,,
49,94,55.113,1:11.046,,,,,,,,,,,,
49,88,61.646,1:12.393,,,,,,,,,,,,
49,21,63.361,1:10.327,,,,,,,,,,,,
49,12,65.564,1:10.594,,,,,,,,,,,,
50,6,0,1:09.418,,,,,,,,,,,,
50,44,1.663,1:09.503,,,,,,,,,,,,
50,33,13.469,1:09.690,,,,,,,,,,,,
50,3,20.086,1:09.910,,,,,,,,,,,,
50,7,21.296,1:09.743,,,,,,,,,,,,
50,77,38.211,1:11.105,,,,,,,,,,,,
50,22,38.883,1:11.036,,,,,,,,,,,,
50,8,40.530,1:10.676,,,,,,,,,,,,
50,19,43.546,1:10.755,,,,,,,,,,,,
50,11,44.658,1:10.692,,,,,,,,,,,,
50,55,47.159,1:10.417,,,,,,,,,,,,
50,14,49.947,1:11.195,,,,,,,,,,,,
50,27,PIT,1:14.563,,,,,,,,,,,,
50,94,56.907,1:11.212,,,,,,,,,,,,
50,30,PIT,1:15.345,,,,,,,,,,,,
50,9,PIT,1:15.254,,,,,,,,,,,,
50,21,65.232,1:11.289,,,,,,,,,,,,
50,12,67.029,1:10.883,,,,,,,,,,,,
50,88,PIT,1:16.469,,,,,,,,,,,,
51,6,0,1:09.267,,,,,,,,,,,,
51,44,1.838,1:09.442,,,,,,,,,,,,
51,20,1 LAP,1:33.444,,,,,,,,,,,,
51,33,13.854,1:09.652,,,,,,,,,,,,
51,3,20.939,1:10.120,,,,,,,,,,,,
51,7,21.996,1:09.967,,,,,,,,,,,,
51,22,40.807,1:11.191,,,,,,,,,,,,
51,8,42.025,1:10.762,,,,,,,,,,,,
51,77,PIT,1:14.304,,,,,,,,,,,,
51,19,45.003,1:10.724,,,,,,,,,,,,
51,11,46.056,1:10.665,,,,,,,,,,,,
51,55,48.260,1:10.368,,,,,,,,,,,,
51,14,52.016,1:11.336,,,,,,,,,,,,
51,94,58.631,1:10.991,,,,,,,,,,,,
51,21,66.179,1:10.214,,,,,,,,,,,,
51,12,68.544,1:10.782,,,,,,,,,,,,
52,6,0,1:09.538,,,,,,,,,,,,
52,44,1.172,1:08.872,,,,,,,,,,,,
52,30,1 LAP,1:29.148,,,,,,,,,,,,
52,27,1 LAP,1:34.492,,,,,,,,,,,,
52,20,1 LAP,1:12.237,,,,,,,,,,,,
52,9,1 LAP,1:31.792,,,,,,,,,,,,
52,33,14.022,1:09.706,,,,,,,,,,,,
52,3,21.692,1:10.291,,,,,,,,,,,,
52,7,22.206,1:09.748,,,,,,,,,,,,
52,88,1 LAP,1:35.220,,,,,,,,,,,,
52,22,41.723,1:10.454,,,,,,,,,,,,
52,8,43.313,1:10.826,,,,,,,,,,,,
52,19,46.058,1:10.593,,,,,,,,,,,,
52,11,47.036,1:10.518,,,,,,,,,,,,
52,55,48.888,1:10.166,,,,,,,,,,,,
52,14,53.695,1:11.217,,,,,,,,,,,,
52,94,60.016,1:10.923,,,,,,,,,,,,
52,77,61.836,1:28.126,,,,,,,,,,,,
52,21,66.918,1:10.277,,,,,,,,,,,,
53,6,0,1:09.310,,,,,,,,,,,,
53,44,1.028,1:09.166,,,,,,,,,,,,
53,12,1 LAP,1:13.403,,,,,,,,,,,,
53,30,1 LAP,1:10.290,,,,,,,,,,,,
53,27,1 LAP,1:10.643,,,,,,,,,,,,
53,20,1 LAP,1:11.460,,,,,,,,,,,,
53,9,1 LAP,1:10.955,,,,,,,,,,,,
53,33,14.829,1:10.117,,,,,,,,,,,,
53,3,22.337,1:09.955,,,,,,,,,,,,
53,7,23.110,1:10.214,,,,,,,,,,,,
53,88,1 LAP,1:11.107,,,,,,,,,,,,
53,22,43.122,1:10.709,,,,,,,,,,,,
53,8,44.592,1:10.589,,,,,,,,,,,,
53,19,47.269,1:10.521,,,,,,,,,,,,
53,11,48.416,1:10.690,,,,,,,,,,,,
53,55,49.919,1:10.341,,,,,,,,,,,,
53,14,55.588,1:11.203,,,,,,,,,,,,
53,94,61.788,1:11.082,,,,,,,,,,,,
53,77,62.888,1:10.362,,,,,,,,,,,,
53,21,67.932,1:10.324,,,,,,,,,,,,
54,6,0,1:09.339,,,,,,,,,,,,
54,44,PIT,1:12.496,,,,,,,,,,,,
54,12,1 LAP,1:10.824,,,,,,,,,,,,
54,30,1 LAP,1:10.228,,,,,,,,,,,,
54,27,1 LAP,1:10.309,,,,,,,,,,,,
54,20,1 LAP,1:10.872,,,,,,,,,,,,
54,9,1 LAP,1:10.848,,,,,,,,,,,,
54,33,15.963,1:10.473,,,,,,,,,,,,
54,3,23.032,1:10.034,,,,,,,,,,,,
54,7,23.695,1:09.924,,,,,,,,,,,,
54,88,1 LAP,1:10.844,,,,,,,,,,,,
54,22,44.532,1:10.749,,,,,,,,,,,,
54,8,45.833,1:10.580,,,,,,,,,,,,
54,19,48.515,1:10.585,,,,,,,,,,,,
54,11,50.018,1:10.941,,,,,,,,,,,,
54,55,51.296,1:10.716,,,,,,,,,,,,
54,14,59.475,1:13.226,,,,,,,,,,,,
54,94,63.474,1:11.025,,,,,,,,,,,,
54,77,63.936,1:10.387,,,,,,,,,,,,
54,21,70.780,1:12.187,,,,,,,,,,,,
55,6,PIT,1:13.459,,,,,,,,,,,,
55,12,1 LAP,1:11.213,,,,,,,,,,,,
55,30,1 LAP,1:10.626,,,,,,,,,,,,
55,27,1 LAP,1:10.534,,,,,,,,,,,,
55,20,1 LAP,1:10.890,,,,,,,,,,,,
55,33,12.843,1:10.339,,,,,,,,,,,,
55,9,1 LAP,1:12.074,,,,,,,,,,,,
55,44,18.694,1:27.968,,,,,,,,,,,,
55,3,20.087,1:10.514,,,,,,,,,,,,
55,7,21.047,1:10.811,,,,,,,,,,,,
55,88,1 LAP,1:10.934,,,,,,,,,,,,
55,22,41.454,1:10.381,,,,,,,,,,,,
55,8,42.815,1:10.441,,,,,,,,,,,,
55,19,45.784,1:10.728,,,,,,,,,,,,
55,11,47.062,1:10.503,,,,,,,,,,,,
55,55,48.184,1:10.347,,,,,,,,,,,,
55,14,57.434,1:11.418,,,,,,,,,,,,
55,77,60.687,1:10.210,,,,,,,,,,,,
55,94,61.561,1:11.546,,,,,,,,,,,,
55,21,67.015,1:09.694,,,,,,,,,,,,
55,"12
","73.697
","1:11.359
",,,,,,,,,,,,
55,"
30
","
77.301
","
1:10.335
",,,,,,,,,,,,
55,"
27","
80.281","
1:10.765",,,,,,,,,,,,
56,33,,1:10.279,,,,,,,,,,,,
56,20,1 LAP,1:12.125,,,,,,,,,,,,
56,9,1 LAP,1:10.818,,,,,,,,,,,,
56,6,3.384,1:26.506,,,,,,,,,,,,
56,44,4.639,1:09.067,,,,,,,,,,,,
56,3,7.194,1:10.229,,,,,,,,,,,,
56,7,7.929,1:10.004,,,,,,,,,,,,
56,88,1 LAP,1:10.734,,,,,,,,,,,,
56,22,28.709,1:10.377,,,,,,,,,,,,
56,8,30.025,1:10.332,,,,,,,,,,,,
56,11,34.983,1:11.043,,,,,,,,,,,,
56,55,35.627,1:10.565,,,,,,,,,,,,
56,19,PIT,1:14.776,,,,,,,,,,,,
56,14,45.474,1:11.162,,,,,,,,,,,,
56,77,48.209,1:10.644,,,,,,,,,,,,
56,94,49.470,1:11.031,,,,,,,,,,,,
56,21,53.977,1:10.084,,,,,,,,,,,,
56,12,62.011,1:11.436,,,,,,,,,,,,
56,30,65.000,1:10.821,,,,,,,,,,,,
56,27,67.987,1:10.828,,,,,,,,,,,,
57,33,0,1:09.671,,,,,,,,,,,,
57,20,1 LAP,1:10.450,,,,,,,,,,,,
57,9,1 LAP,1:11.016,,,,,,,,,,,,
57,6,3.054,1:09.341,,,,,,,,,,,,
57,44,4.008,1:09.040,,,,,,,,,,,,
57,3,7.596,1:10.073,,,,,,,,,,,,
57,7,8.270,1:10.012,,,,,,,,,,,,
57,88,1 LAP,1:10.780,,,,,,,,,,,,
57,22,29.560,1:10.522,,,,,,,,,,,,
57,8,30.678,1:10.324,,,,,,,,,,,,
57,11,35.897,1:10.585,,,,,,,,,,,,
57,55,36.531,1:10.575,,,,,,,,,,,,
57,14,47.208,1:11.405,,,,,,,,,,,,
57,77,49.524,1:10.986,,,,,,,,,,,,
57,94,50.940,1:11.141,,,,,,,,,,,,
57,21,54.729,1:10.423,,,,,,,,,,,,
57,19,55.493,1:27.726,,,,,,,,,,,,
57,12,64.036,1:11.696,,,,,,,,,,,,
57,30,65.963,1:10.634,,,,,,,,,,,,
57,27,69.303,1:10.987,,,,,,,,,,,,
58,33,0,1:10.022,,,,,,,,,,,,
58,6,2.348,1:09.316,,,,,,,,,,,,
58,44,3.348,1:09.362,,,,,,,,,,,,
58,20,1 LAP,1:12.360,,,,,,,,,,,,
58,9,1 LAP,1:12.193,,,,,,,,,,,,
58,7,7.870,1:09.622,,,,,,,,,,,,
58,3,9.194,1:11.620,,,,,,,,,,,,
58,88,1 LAP,1:10.638,,,,,,,,,,,,
58,22,29.900,1:10.362,,,,,,,,,,,,
58,8,31.135,1:10.479,,,,,,,,,,,,
58,11,36.430,1:10.555,,,,,,,,,,,,
58,55,37.195,1:10.686,,,,,,,,,,,,
58,14,48.654,1:11.468,,,,,,,,,,,,
58,77,50.670,1:11.168,,,,,,,,,,,,
58,94,52.008,1:11.090,,,,,,,,,,,,
58,21,55.024,1:10.317,,,,,,,,,,,,
58,19,55.964,1:10.493,,,,,,,,,,,,
58,12,65.722,1:11.708,,,,,,,,,,,,
58,30,66.468,1:10.527,,,,,,,,,,,,
59,33,0,1:10.187,,,,,,,,,,,,
59,27,1 LAP,1:12.199,,,,,,,,,,,,
59,6,1.536,1:09.375,,,,,,,,,,,,
59,44,1.905,1:08.744,,,,,,,,,,,,
59,20,1 LAP,1:10.624,,,,,,,,,,,,
59,9,1 LAP,1:10.704,,,,,,,,,,,,
59,7,7.466,1:09.783,,,,,,,,,,,,
59,3,9.413,1:10.406,,,,,,,,,,,,
59,88,1 LAP,1:10.535,,,,,,,,,,,,
59,22,30.070,1:10.357,,,,,,,,,,,,
59,8,31.384,1:10.436,,,,,,,,,,,,
59,11,36.605,1:10.362,,,,,,,,,,,,
59,55,37.327,1:10.319,,,,,,,,,,,,
59,14,49.943,1:11.476,,,,,,,,,,,,
59,77,51.574,1:11.091,,,,,,,,,,,,
59,94,52.884,1:11.063,,,,,,,,,,,,
59,21,54.881,1:10.044,,,,,,,,,,,,
59,19,55.676,1:09.899,,,,,,,,,,,,
59,12,66.901,1:11.366,,,,,,,,,,,,
59,30,67.306,1:11.025,,,,,,,,,,,,
60,33,0,1:09.840,,,,,,,,,,,,
60,6,0.464,1:08.768,,,,,,,,,,,,
60,44,1.332,1:09.267,,,,,,,,,,,,
60,27,1 LAP,1:12.207,,,,,,,,,,,,
60,20,1 LAP,1:10.765,,,,,,,,,,,,
60,9,1 LAP,1:10.902,,,,,,,,,,,,
60,7,7.584,1:09.958,,,,,,,,,,,,
60,3,PIT,1:14.102,,,,,,,,,,,,
60,88,1 LAP,1:10.380,,,,,,,,,,,,
60,22,30.519,1:10.289,,,,,,,,,,,,
60,8,31.823,1:10.279,,,,,,,,,,,,
60,11,37.269,1:10.504,,,,,,,,,,,,
60,55,37.903,1:10.416,,,,,,,,,,,,
60,14,51.432,1:11.329,,,,,,,,,,,,
60,77,52.784,1:11.050,,,,,,,,,,,,
60,94,54.040,1:10.996,,,,,,,,,,,,
60,21,55.647,1:10.606,,,,,,,,,,,,
60,19,56.268,1:10.432,,,,,,,,,,,,
60,30,68.392,1:10.926,,,,,,,,,,,,
60,12,69.984,1:12.923,,,,,,,,,,,,
61,6,0,1:09.697,,,,,,,,,,,,
61,33,0.943,1:11.104,,,,,,,,,,,,
61,44,1.354,1:10.183,,,,,,,,,,,,
61,27,1 LAP,1:11.235,,,,,,,,,,,,
61,20,1 LAP,1:11.103,,,,,,,,,,,,
61,7,7.197,1:09.774,,,,,,,,,,,,
61,9,1 LAP,1:12.138,,,,,,,,,,,,
61,88,1 LAP,1:10.718,,,,,,,,,,,,
61,22,30.787,1:10.429,,,,,,,,,,,,
61,3,32.444,1:28.930,,,,,,,,,,,,
61,8,33.426,1:11.764,,,,,,,,,,,,
61,11,37.381,1:10.273,,,,,,,,,,,,
61,55,38.160,1:10.418,,,,,,,,,,,,
61,14,52.527,1:11.256,,,,,,,,,,,,
61,77,53.881,1:11.258,,,,,,,,,,,,
61,94,54.869,1:10.990,,,,,,,,,,,,
61,21,55.848,1:10.362,,,,,,,,,,,,
61,19,57.410,1:11.303,,,,,,,,,,,,
62,6,0,1:09.779,,,,,,,,,,,,
62,30,1 LAP,1:12.409,,,,,,,,,,,,
62,33,1.318,1:10.154,,,,,,,,,,,,
62,44,1.690,1:10.115,,,,,,,,,,,,
62,12,1 LAP,1:13.590,,,,,,,,,,,,
62,27,1 LAP,1:11.613,,,,,,,,,,,,
62,7,7.465,1:10.047,,,,,,,,,,,,
62,20,1 LAP,1:12.259,,,,,,,,,,,,
62,9,1 LAP,1:11.062,,,,,,,,,,,,
62,88,1 LAP,1:10.738,,,,,,,,,,,,
62,22,31.132,1:10.124,,,,,,,,,,,,
62,3,32.237,1:09.572,,,,,,,,,,,,
62,8,34.107,1:10.460,,,,,,,,,,,,
62,11,37.985,1:10.383,,,,,,,,,,,,
62,55,38.868,1:10.487,,,,,,,,,,,,
62,14,54.038,1:11.290,,,,,,,,,,,,
62,77,55.408,1:11.306,,,,,,,,,,,,
62,94,55.958,1:10.868,,,,,,,,,,,,
62,21,56.822,1:10.753,,,,,,,,,,,,
63,6,0,1:09.163,,,,,,,,,,,,
63,44,1.517,1:08.990,,,,,,,,,,,,
63,33,2.892,1:10.737,,,,,,,,,,,,
63,30,1 LAP,1:12.740,,,,,,,,,,,,
63,12,1 LAP,1:11.422,,,,,,,,,,,,
63,7,7.734,1:09.432,,,,,,,,,,,,
63,27,1 LAP,1:12.179,,,,,,,,,,,,
63,20,1 LAP,1:11.107,,,,,,,,,,,,
63,9,1 LAP,1:11.320,,,,,,,,,,,,
63,88,1 LAP,1:10.636,,,,,,,,,,,,
63,22,32.262,1:10.293,,,,,,,,,,,,
63,3,32.864,1:09.790,,,,,,,,,,,,
63,8,35.577,1:10.633,,,,,,,,,,,,
63,11,39.172,1:10.350,,,,,,,,,,,,
63,55,40.130,1:10.425,,,,,,,,,,,,
63,77,57.737,1:11.492,,,,,,,,,,,,
63,94,58.764,1:11.969,,,,,,,,,,,,
63,21,59.581,1:11.922,,,,,,,,,,,,
63,14,59.664,1:14.789,,,,,,,,,,,,
64,6,0,1:08.794,,,,,,,,,,,,
64,19,PIT,1:19.529,,,,,,,,,,,,
64,44,1.321,1:08.598,,,,,,,,,,,,
64,33,4.421,1:10.323,,,,,,,,,,,,
64,30,1 LAP,1:11.088,,,,,,,,,,,,
64,12,1 LAP,1:11.722,,,,,,,,,,,,
64,7,8.961,1:10.021,,,,,,,,,,,,
64,27,1 LAP,1:11.358,,,,,,,,,,,,
64,20,1 LAP,1:11.238,,,,,,,,,,,,
64,9,1 LAP,1:11.874,,,,,,,,,,,,
64,88,1 LAP,1:10.749,,,,,,,,,,,,
64,22,33.623,1:10.155,,,,,,,,,,,,
64,3,33.988,1:09.918,,,,,,,,,,,,
64,8,36.783,1:10.000,,,,,,,,,,,,
64,11,40.866,1:10.488,,,,,,,,,,,,
64,55,42.628,1:11.292,,,,,,,,,,,,
64,77,60.368,1:11.425,,,,,,,,,,,,
64,94,61.309,1:11.339,,,,,,,,,,,,
64,21,62.740,1:11.953,,,,,,,,,,,,
65,6,0,1:08.654,,,,,,,,,,,,
65,44,1.109,1:08.442,,,,,,,,,,,,
65,33,5.431,1:09.664,,,,,,,,,,,,
65,14,PIT,1:25.883,,,,,,,,,,,,
65,30,1 LAP,1:11.398,,,,,,,,,,,,
65,7,9.797,1:09.490,,,,,,,,,,,,
65,12,1 LAP,1:11.560,,,,,,,,,,,,
65,20,1 LAP,1:11.289,,,,,,,,,,,,
65,9,1 LAP,1:11.502,,,,,,,,,,,,
65,88,1 LAP,1:10.874,,,,,,,,,,,,
65,27,PIT,1:22.854,,,,,,,,,,,,
65,3,34.167,1:08.833,,,,,,,,,,,,
65,22,35.963,1:10.994,,,,,,,,,,,,
65,8,38.420,1:10.291,,,,,,,,,,,,
65,11,42.714,1:10.502,,,,,,,,,,,,
65,55,44.237,1:10.263,,,,,,,,,,,,
65,77,62.972,1:11.258,,,,,,,,,,,,
65,94,63.637,1:10.982,,,,,,,,,,,,
65,21,65.369,1:11.283,,,,,,,,,,,,
66,6,0,1:08.491,,,,,,,,,,,,
66,44,1.142,1:08.524,,,,,,,,,,,,
66,33,7.169,1:10.229,,,,,,,,,,,,
66,7,10.182,1:08.876,,,,,,,,,,,,
66,30,1 LAP,1:11.980,,,,,,,,,,,,
66,12,1 LAP,1:11.287,,,,,,,,,,,,
66,20,1 LAP,1:11.265,,,,,,,,,,,,
66,9,1 LAP,1:11.737,,,,,,,,,,,,
66,88,1 LAP,1:10.776,,,,,,,,,,,,
66,3,34.446,1:08.770,,,,,,,,,,,,
66,22,37.815,1:10.343,,,,,,,,,,,,
66,8,40.135,1:10.206,,,,,,,,,,,,
66,11,44.343,1:10.120,,,,,,,,,,,,
66,55,45.975,1:10.229,,,,,,,,,,,,
66,77,65.685,1:11.204,,,,,,,,,,,,
66,94,66.312,1:11.166,,,,,,,,,,,,
66,21,67.631,1:10.753,,,,,,,,,,,,
67,6,0,1:08.768,,,,,,,,,,,,
67,44,0.785,1:08.411,,,,,,,,,,,,
67,33,8.226,1:09.825,,,,,,,,,,,,
67,7,10.587,1:09.173,,,,,,,,,,,,
67,30,1 LAP,1:10.981,,,,,,,,,,,,
67,12,1 LAP,1:11.400,,,,,,,,,,,,
67,20,1 LAP,1:11.107,,,,,,,,,,,,
67,9,1 LAP,1:11.464,,,,,,,,,,,,
67,88,1 LAP,1:10.342,,,,,,,,,,,,
67,3,35.140,1:09.462,,,,,,,,,,,,
67,22,39.243,1:10.196,,,,,,,,,,,,
67,8,41.292,1:09.925,,,,,,,,,,,,
67,11,45.795,1:10.220,,,,,,,,,,,,
67,55,47.429,1:10.222,,,,,,,,,,,,
67,77,67.798,1:10.881,,,,,,,,,,,,
67,94,68.403,1:10.859,,,,,,,,,,,,
68,6,0,1:09.925,,,,,,,,,,,,
68,44,0.488,1:09.628,,,,,,,,,,,,
68,21,1 LAP,1:12.384,,,,,,,,,,,,
68,33,8.179,1:09.878,,,,,,,,,,,,
68,7,9.752,1:09.090,,,,,,,,,,,,
68,30,1 LAP,1:11.110,,,,,,,,,,,,
68,12,1 LAP,1:11.544,,,,,,,,,,,,
68,20,1 LAP,1:11.345,,,,,,,,,,,,
68,9,1 LAP,1:11.521,,,,,,,,,,,,
68,88,1 LAP,1:10.656,,,,,,,,,,,,
68,3,34.878,1:09.663,,,,,,,,,,,,
68,22,39.488,1:10.170,,,,,,,,,,,,
68,8,41.327,1:09.960,,,,,,,,,,,,
68,11,46.005,1:10.135,,,,,,,,,,,,
68,55,47.642,1:10.138,,,,,,,,,,,,
68,77,68.952,1:11.079,,,,,,,,,,,,
68,94,69.757,1:11.279,,,,,,,,,,,,
69,6,0,1:09.898,,,,,,,,,,,,
69,44,0.450,1:09.860,,,,,,,,,,,,
69,21,1 LAP,1:10.411,,,,,,,,,,,,
69,33,7.899,1:09.618,,,,,,,,,,,,
69,7,8.926,1:09.072,,,,,,,,,,,,
69,30,1 LAP,1:11.139,,,,,,,,,,,,
69,12,1 LAP,1:10.942,,,,,,,,,,,,
69,20,1 LAP,1:10.987,,,,,,,,,,,,
69,9,1 LAP,1:11.413,,,,,,,,,,,,
69,88,1 LAP,1:10.558,,,,,,,,,,,,
69,3,34.018,1:09.038,,,,,,,,,,,,
69,22,39.715,1:10.125,,,,,,,,,,,,
69,8,41.380,1:09.951,,,,,,,,,,,,
69,11,46.494,1:10.387,,,,,,,,,,,,
69,55,48.323,1:10.579,,,,,,,,,,,,
70,6,0,1:09.253,,,,,,,,,,,,
70,44,0.599,1:09.402,,,,,,,,,,,,
70,77,1 LAP,1:12.503,,,,,,,,,,,,
70,94,1 LAP,1:12.391,,,,,,,,,,,,
70,21,1 LAP,1:10.996,,,,,,,,,,,,
70,33,8.455,1:09.809,,,,,,,,,,,,
70,7,8.873,1:09.200,,,,,,,,,,,,
70,30,1 LAP,1:11.463,,,,,,,,,,,,
70,12,1 LAP,1:11.142,,,,,,,,,,,,
70,20,1 LAP,1:11.047,,,,,,,,,,,,
70,9,1 LAP,1:11.266,,,,,,,,,,,,
70,88,1 LAP,1:11.035,,,,,,,,,,,,
70,3,34.751,1:09.986,,,,,,,,,,,,
70,22,40.463,1:10.001,,,,,,,,,,,,
70,8,42.223,1:10.096,,,,,,,,,,,,
70,55,49.886,1:10.816,,,,,,,,,,,,
71,44,0,1:13.030,,,,,,,,,,,,
71,77,1 LAP,1:13.185,,,,,,,,,,,,
71,94,1 LAP,1:13.563,,,,,,,,,,,,
71,21,1 LAP,1:13.603,,,,,,,,,,,,
71,33,5.719,1:10.893,,,,,,,,,,,,
71,7,6.024,1:10.780,,,,,,,,,,,,
71,6,16.710,1:30.339,,,,,,,,,,,,
71,30,1 LAP,1:12.345,,,,,,,,,,,,
71,12,1 LAP,1:12.330,,,,,,,,,,,,
71,"20
","1 LAP
","1:11.783
",,,,,,,,,,,,
71,"
9
",1 LAP,"
1:12.091
",,,,,,,,,,,,
71,"
88",1 LAP,"
1:12.041",,,,,,,,,,,,
71,3,30.981,1:09.859,,,,,,,,,,,,
71,22,37.706,1:10.872,,,,,,,,,,,,
71,8,39.668,1:11.074,,,,,,,,,,,,
71,55,47.400,1:11.143,,,,,,,,,,,,
